endTime,artistName,trackName,msPlayed
2023-09-13 02:12,M. M. Keeravani,Constitutional Advice,64574
2023-09-13 02:13,M. M. Keeravani,War And Passion,64921
2023-09-13 02:17,M. M. Keeravani,My Faith My Mentor,236520
2023-09-13 02:20,Anirudh Ravichander,"Bloody Sweet (From ""Leo"")",168540
2023-09-13 02:21,Hiphop Tamizha,Sakkarakatti,9273
2023-09-13 02:21,Anirudh Ravichander,Thangamey,29825
2023-09-13 02:25,Sachet-Parampara,"Ram Siya Ram (From ""Adipurush"")",230092
2023-09-13 02:35,Anirudh Ravichander,Hukum - Thalaivar Alappara,2687
2023-09-13 02:54,Sachet Tandon,Malang Sajna,3174
2023-09-13 02:54,Anirudh Ravichander,Hukum - Thalaivar Alappara,205005
2023-09-13 02:55,Haricharan,Saripovu,2187
2023-09-13 02:56,Tippu,Nanne Nanne,86261
2023-09-13 02:56,Deepu,Naa Chore,18
2023-09-13 02:56,Vijay Prakash,Hello Rammante,18
2023-09-13 02:56,G. V. Prakash,Neeve,737
2023-09-13 02:56,"Shankar Mahadevan, Shreya Ghoshal",Eyi Raja,18
2023-09-13 02:56,Kiran,Flute Music Bit,18
2023-09-13 02:56,Chakri,Venello Hai,18
2023-09-13 02:56,Yuvan Shankar Raja,Arere Vaanaa,0
2023-09-13 02:56,"Amit Trivedi, Shashaa Tirupati, Yazin Nizar",Manasu Maree,596
2023-09-13 02:56,Karunya,Vayyarala,18
2023-09-13 02:58,Deepu,Naa Chore,74003
2023-09-13 02:58,Michael Jackson,Off the Wall,27970
2023-09-13 03:00,Michael Jackson,Beat It,88138
2023-09-13 03:01,Michael Jackson,The Way You Make Me Feel - 2012 Remaster,69366
2023-09-13 03:02,Anirudh Ravichander,"Master the Blaster (From ""Master"")",92250
2023-09-13 03:02,Anirudh Ravichander,Thangamey,4090
2023-09-13 03:15,Anirudh Ravichander,JD Intro - Background Score,54520
2023-09-13 04:26,Anirudh Ravichander,"Master the Blaster (From ""Master"")",92250
2023-09-13 04:27,Sam C.S.,Dilli_s Swag,376
2023-09-13 04:27,Anirudh Ravichander,Thangamey,62106
2023-09-13 04:28,Sivam,Karuppu Vellai,578
2023-09-13 04:28,"Ranjith, Kalpana",Ninne Pelladu,1805
2023-09-13 04:41,KK,My Heart is Beating,228978
2023-09-13 06:08,KK,My Heart is Beating,69660
2023-09-13 06:15,Shreya Ghoshal,Chali Chaliga,275639
2023-09-13 06:20,Mallikarjun,Nuvvu Naku Manasisthe,299598
2023-09-13 06:24,Vijay Yesudas,Nee Kanti Choopullo,244622
2023-09-13 06:28,"Karthik, Shwetha Mohan",Dil Se,261728
2023-09-13 06:33,Devi Sri Prasad,Yentha Sakkagunnave,262122
2023-09-13 06:34,Hemachandra Vedala,Nee Kallalona,60891
2023-09-13 06:36,Sid Sriram,Srivalli,136868
2023-09-13 06:36,"Karthik, Chitra",Hoyna,3095
2023-09-13 06:36,Srinivas,Bommanu Geesthey,2544
2023-09-13 06:50,Adnan Sami,O Madhu,243168
2023-09-13 06:54,Shankar Mahadevan,Bapu Gari Bommo,280000
2023-09-13 06:57,"Venu, Sumangali",Andaala Bommaro,180316
2023-09-13 07:02,"Chitra, Raqeeb Alam",Aha Allari,254876
2023-09-13 07:16,Javed Ali,Nee Kannu Neeli Samudram,151481
2023-09-13 07:30,Javed Ali,Nee Kannu Neeli Samudram,161011
2023-09-13 07:30,S.P. Charan,Nenu Nenuga,8204
2023-09-13 07:35,Mallikarjun,Andala Chukkala,281520
2023-09-13 07:40,S.P. Charan,Mellaga,319993
2023-09-13 07:46,S. P. Balasubrahmanyam,Ghal Ghal,319563
2023-09-13 07:51,Sumangaly,Nuvvu Nuvvu,333113
2023-09-13 07:57,Udit Narayan,Naatho Vasthavaa,293733
2023-09-13 08:02,Tippu,Gaallo Thelinattunde,290862
2023-09-13 08:07,Karthik,Anaganaga Kadala,305066
2023-09-13 08:12,Karthik,Kopama Napina,291576
2023-09-13 08:16,"Sumangali, Kid Sathya",Aakasam,286354
2023-09-13 08:17,"Venu, Sumangali",Priya Priya,30400
2023-09-13 09:05,Devi Sri Prasad,Uppenantha,211320
2023-09-13 14:32,M.L.R. Karthikeyan,Gudilo Badilo Madilo,608
2023-09-13 14:32,"Vijay Prakash, Anitha",Idhedho Bagundhe,1284
2023-09-13 14:38,Devi Sri Prasad,Ninnu Chudagaane,331133
2023-09-13 14:41,Sagar,Nannaku,184476
2023-09-13 14:45,Sagar,O Manmadhuda,221632
2023-09-13 14:45,"Jaspreet Jasz , Shreya Ghoshal",Jala Jala Jalapaatham Nuvvu,4680
2023-09-13 14:49,Yazin Nizar,Seethakaalam,262488
2023-09-13 14:54,"Shankar Mahadevan, Gopika poornima",Akasam Ammayaithe,291188
2023-09-13 15:24,KK,Feel My Love,299893
2023-09-13 15:39,Venu,Gundello Emundho,6906
2023-09-13 16:11,Anirudh Ravichander,Hukum - Thalaivar Alappara,100760
2023-09-13 17:22,Anirudh Ravichander,"Arabic Kuthu - Halamithi Habibo (From ""Beast"")",279677
2023-09-13 17:22,Anirudh Ravichander,"Naa Ready (From ""Leo"")",9142
2023-09-13 17:24,Thaman S,"Hungry Cheetah (From ""They Call Him OG"")",117480
2023-09-13 17:27,Pritam,O Bedardeya,142382
2023-09-13 17:31,Pritam,"Tum Kya Mile (From ""Rocky Aur Rani Kii Prem Kahaani"")",271490
2023-09-13 17:33,Siddharth Basrur,Parwah Nahin,103560
2023-09-13 17:37,Armaan Malik,Besabriyaan,255738
2023-09-13 17:39,Virus 2062 with Ali Fazal & Richa Chadha (Hindi Audio Thriller Podcast),Episode 1: Kahani Mere Bachpan Ki,2616
2023-09-13 17:39,PodRocket - A web development podcast from LogRocket,AI solutions need good UX with Chris Heilmann,450
2023-09-13 17:39,Kopec Explains Software,#123 What is a Hash Table?,873
2023-09-13 17:39,Figuring Out with Raj Shamani,"Gen Z Relationship Mindset, Religions & Influence ft. Sandeep Das | FO 121 - Raj Shamani",783
2023-09-13 17:39,Aa Modati Alajadi with Lipsika | a Telugu Podcast,EP 31 - Teenage Love - Part 1,650
2023-09-13 17:39,Business Movers,Building Lego | Toy Expert Chris Byrne on the rise of Lego | 5,346
2023-09-13 17:39,Ramayanam,9 Ayodhyakaanda part 02,831
2023-09-13 17:39,The Signal Daily,ChatGPT has a Drinking Problem,367
2023-09-13 17:39,Not the First Telugu Podcast,Animals | NTFTP Ep 130,528
2023-09-13 17:39,Ramusim,Failure,1596
2023-09-13 17:39, Raw Talks With Vamshi Kurapati - Telugu Business Podcast ,Ep - 27 | Indian Politics | Corruption Reduction | 2023 Elections | Privatisation & Tax | BJP & Vote Bank Effects | Telugu Business Podcast | Raw Talks With Vamshi Kurapati,648
2023-09-13 17:39,The Ranveer Show,"IAS Officer(R) Amitabh Kant On G20 Summit, Niti Aayog and India’s Future | The Ranveer Show 338",498
2023-09-13 17:39,Sadhguru - Of Mystics & Mistakes,"#1021 - Unconditional Love, Artificial Intelligence & Brain Drain",765
2023-09-13 17:39,India Classified,Oppenheimer and Nuclear Weapon of India,566
2023-09-13 17:41,Darshan Raval,Asal Mein,1161
2023-09-13 17:43,Nature Of Sweden,Slumber Rain,146000
2023-09-13 17:46,Zinan,Voltage Dreams,208000
2023-09-13 17:48,Relaxcation,Clarity,139691
2023-09-13 17:51,Distantic,Watch The Storm,153000
2023-09-13 17:54,Zinan,Electric Drops,208000
2023-09-13 17:56,Pluviocity,Contemplate,132874
2023-09-13 18:00,Ogień,Wake Up When The Storm Is Over,216000
2023-09-13 18:02,Nature Recordings,Wake Up Rain,130774
2023-09-13 18:04,Adio,Lotus Rain,124000
2023-09-13 18:06,Alois,Drops During Dream,140000
2023-09-13 18:09,pluvia,rain in reykjavik,208000
2023-09-13 18:11,Ο Ήχος της Βροχής,Βροχερές μέρες,143000
2023-09-13 18:14,Tailormade Rain,Drops Of Skies,173888
2023-09-13 18:16,Epiphonema,Raining Me Softly,129000
2023-09-13 18:18,ame,raining for hours,131500
2023-09-13 18:20,Drophic,Blooming In Rain,141920
2023-09-13 18:22,Sleepy Mood,Rainy Mood,146000
2023-09-13 18:26,Ogień,Midnight Storm,208000
2023-09-13 18:29,Thunder In Paradise,Eye Of The Storm,226000
2023-09-13 18:33,Drivotra,The Sky's Awake,208000
2023-09-13 21:35,Anirudh Ravichander,Jailer Drill Theme - Instrumental,2379
2023-09-13 21:35,Anirudh Ravichander,Hukum - Thalaivar Alappara,207647
2023-09-13 21:36,Anirudh Ravichander,Alappara Theme - Instrumental,77647
2023-09-13 21:41,"Ranjith, Kalpana",Ninne Pelladu,289912
2023-09-13 21:46,Pritam,Tere Pyaar Mein,9658
2023-09-13 21:46,Mallikarjun,Sahasam,302265
2023-09-13 21:46,Pritam,Balam Pichkari,1640
2023-09-13 21:50,John Murphy,Orgoscope Elevator,2593
2023-09-13 21:50,John Murphy,Mo Ergaste Forn (Full Version),4546
2023-09-13 21:50,Pritam,"Deva Deva (From ""Brahmastra"")",206480
2023-09-13 21:50,John Murphy,Warlock vs. Guardians,11747
2023-09-13 21:50,John Murphy,I Love You Guys,4800
2023-09-13 21:50,John Murphy,Domo! Domo!,2204
2023-09-13 21:51,Danny Elfman,Multiverse of Madness,9486
2023-09-13 21:51,Danny Elfman,Main Titles,18145
2023-09-13 21:51,Danny Elfman,Strange Awakens,13571
2023-09-13 21:51,John Murphy,Did That Look Cool?,15145
2023-09-13 21:52,Natalie Holt,"TVA - From ""Loki""/Score",42986
2023-09-13 21:53,Alan Silvestri,The Avengers,30825
2023-09-13 22:04,Michael Giacchino,"Theme (from ""Spider Man"") [Original Television Series]",36818
2023-09-13 22:33,Pritam,"Tum Kya Mile (From ""Rocky Aur Rani Kii Prem Kahaani"")",68360
2023-09-13 23:20,Armaan Malik,Besabriyaan,207880
2023-09-14 04:36,Siddharth Basrur,Parwah Nahin,124636
2023-09-14 04:49,Pritam,"Tum Kya Mile (From ""Rocky Aur Rani Kii Prem Kahaani"")",185200
2023-09-14 07:00,KK,Feel My Love,206621
2023-09-14 07:03,Anirudh Ravichander,"Bloody Sweet (From ""Leo"")",168540
2023-09-14 07:03,Anirudh Ravichander,"Naa Ready (From ""Leo"")",17430
2023-09-14 07:06,Anirudh Ravichander,"Hukum - Thalaivar Alappara (From ""Jailer"")",204715
2023-09-14 07:11,Karthik,Vizhi Moodi,249748
2023-09-14 07:12,Anirudh Ravichander,Jailer Theme - Instrumental,62337
2023-09-14 07:12,Vishal Mishra,Rathamaarey,3780
2023-09-14 07:55,Anirudh Ravichander,Muthuvel Pandian Theme - Instrumental,44120
2023-09-14 08:58,Anirudh Ravichander,Jailer Drill Theme - Instrumental,494
2023-09-14 08:58,Anirudh Ravichander,Hukum - Thalaivar Alappara,207647
2023-09-14 09:00,Anirudh Ravichander,Jujubee,167272
2023-09-14 09:02,Anirudh Ravichander,Alappara Theme - Instrumental,77647
2023-09-14 09:06,Anirudh Ravichander,"Naa Ready (From ""Leo"")",231322
2023-09-14 09:09,Anirudh Ravichander,Kaavaalaa,189867
2023-09-14 09:12,Anirudh Ravichander,"Arabic Kuthu - Halamithi Habibo (From ""Beast"")",170097
2023-09-14 09:27,Mallikarjun,Sahasam,157280
2023-09-14 09:27,Davignon,Penumbra,0
2023-09-14 09:29,Davignon,Penumbra,142932
2023-09-14 09:32,André Dívou,June,163750
2023-09-14 09:34,Zoran Tudor,Stratus,134000
2023-09-14 09:36,Jean-Marie Bussiere,Charcoaled Walls,124105
2023-09-14 09:39,Ever So Blue,Sketches,157126
2023-09-14 09:41,Sabrina Austin,Scrim-covered,123738
2023-09-14 09:44,Edvard Kravchuk,campfire,186701
2023-09-14 09:46,Cecile Roy,Lost Frequencies,139924
2023-09-14 09:49,Robert Gafforelli,Bastione,157993
2023-09-14 09:56,Coeur,ourselves,153065
2023-09-14 09:59,Rudhek,Sunday,162000
2023-09-14 10:01,Lou Maxence,Gentle Grace,131677
2023-09-14 10:04,Ebele Vos,Après-midi insouciante,173000
2023-09-14 10:07,Gavin Luke,I'll Be Around,190875
2023-09-14 10:10,Polly Carter,Old Stone Bridge,129985
2023-09-14 10:12,Tankeflukt,Sailing,152323
2023-09-14 10:15,Jacques Ferrandi,Tranquil Minds,190751
2023-09-14 10:53,Lars Jansson,More Human,81307
2023-09-14 12:16,Anirudh Ravichander,Kaavaalaa,190909
2023-09-14 12:17,Anirudh Ravichander,Jailer Theme - Instrumental,62337
2023-09-14 12:21,Vishal Mishra,Rathamaarey,252151
2023-09-14 12:23,Anirudh Ravichander,Muthuvel Pandian Theme - Instrumental,102857
2023-09-14 12:27,Anirudh Ravichander,Jailer Drill Theme - Instrumental,28047
2023-09-14 12:27,Anirudh Ravichander,Hukum - Thalaivar Alappara,207647
2023-09-14 12:32,Arijit Singh,Kanulanu Thaake,294947
2023-09-14 12:38,Harris Jayaraj,Mutyala Dhaarani,371800
2023-09-14 12:42,Jaspreet Jasz,Tring Tring,260588
2023-09-14 12:47,"Tippu, Harini",Unnamata Cheppanivu,280607
2023-09-14 12:50,Penchal Das,Dhaari Choodu,188684
2023-09-14 12:56,Karthik,Badhulu Thochani,251515
2023-09-14 12:59,Ramya Behara,Neetho Unte Chalu,173521
2023-09-14 13:04,G. V. Prakash,Inka Edho,315493
2023-09-14 13:12,Tippu,Nanne Nanne,251796
2023-09-14 13:16,"Raghu Dixit, Rita",Jaago,251456
2023-09-14 13:20,KK,Egirey Mabbulona,234173
2023-09-14 13:21,"Adnan Sami, Kalpana",Ye Jilla,67059
2023-09-14 13:21,Anirudh Ravichander,Kollagottey,6782
2023-09-14 13:21,Leon James,Almost Padipoyindhe Pilla,3223
2023-09-14 13:21,Anurag Kulkarni,Arere Aakasham - Telugu,4920
2023-09-14 13:21,"Amit Trivedi, Shashaa Tirupati, Yazin Nizar",Manasu Maree,2620
2023-09-14 13:21,Dhanunjay Seepana,Whattey Beauty - Telugu,3622
2023-09-14 13:35,Shankar Mahadevan,Niddura Potunna,98520
2023-09-14 18:19,Nature Of Sweden,Slumber Rain,146000
2023-09-14 18:22,Zinan,Voltage Dreams,208000
2023-09-14 18:24,Relaxcation,Clarity,139691
2023-09-14 18:27,Distantic,Watch The Storm,153000
2023-09-14 18:30,Zinan,Electric Drops,208000
2023-09-14 18:32,Pluviocity,Contemplate,132874
2023-09-14 18:35,Ogień,Wake Up When The Storm Is Over,216000
2023-09-14 18:37,Nature Recordings,Wake Up Rain,130774
2023-09-14 18:39,Adio,Lotus Rain,124000
2023-09-14 18:41,Alois,Drops During Dream,140000
2023-09-14 18:43,LWD Rain,Dark skies,121000
2023-09-14 18:46,The Mist,Wellness Rain,208000
2023-09-14 18:50,pluvia,rain in reykjavik,208000
2023-09-14 18:52,Golden Drops,Rain Dream,158000
2023-09-14 18:54,NatuREM,Foggy Day - Rain,136000
2023-09-14 18:56,Ο Ήχος της Βροχής,Βροχερές μέρες,143000
2023-09-14 18:59,Tailormade Rain,Drops Of Skies,173888
2023-09-14 19:01,Epiphonema,Raining Me Softly,129000
2023-09-14 19:03,ame,raining for hours,131500
2023-09-14 19:05,Drophic,Blooming In Rain,141920
2023-09-14 19:07,Sleepy Mood,Rainy Mood,146000
2023-09-14 19:11,Ogień,Midnight Storm,208000
2023-09-14 19:14,Thunder In Paradise,Eye Of The Storm,226000
2023-09-14 19:17,Drivotra,The Sky's Awake,208000
2023-09-14 19:20,The Magical Drops,Infinity Drops,162912
2023-09-14 19:22,Dropletecal,"Quiet, Listen",153065
2023-09-15 00:36,Pritam,"Tum Kya Mile (From ""Rocky Aur Rani Kii Prem Kahaani"")",277500
2023-09-15 00:50,Sachin-Jigar,"Phir Aur Kya Chahiye (From ""Zara Hatke Zara Bachke"")",163080
2023-09-15 01:54,Mallikarjun,Sahasam,281423
2023-09-15 01:56,Anirudh Ravichander,Muthuvel Pandian Theme - Instrumental,102857
2023-09-15 02:00,Anirudh Ravichander,Hukum - Thalaivar Alappara,202302
2023-09-15 02:02,Anirudh Ravichander,"Bloody Sweet (From ""Leo"")",168540
2023-09-15 02:02,Armaan Malik,Besabriyaan,1181
2023-09-15 02:04,Siddharth Basrur,Parwah Nahin,106260
2023-09-15 02:05,Armaan Malik,Besabriyaan,74850
2023-09-15 04:11,Armaan Malik,Besabriyaan,180890
2023-09-15 04:15,Anirudh Ravichander,Idhazhin Oram - The Innocence of Love,204866
2023-09-15 04:15,Anirudh Ravichander,Yennai Maatrum Kadhale,11818
2023-09-15 04:18,Anirudh Ravichander,Kanave Kanave,153279
2023-09-15 04:19,Yuvan Shankar Raja,"Ennai Vittu (From ""Love Today"")",81736
2023-09-15 04:22,Anirudh Ravichander,"Natpu (From ""RRR"")",163857
2023-09-15 04:24,M. M. Keeravani,"Janani (From ""Rrr"")",166076
2023-09-15 04:39,Vijay Prakash,"Raamam Raaghavam (From ""Rrr"")",188360
2023-09-15 04:53,M. M. Keeravani,"Raamam, Bheemam",301260
2023-09-15 04:55,M. M. Keeravani,Tiger Chase,0
2023-09-15 04:55,M. M. Keeravani,"Load, Aim, Shoot (Climax)",127720
2023-09-15 04:56,M. M. Keeravani,The Fire,35976
2023-09-15 05:02,M. M. Keeravani,The Water,51875
2023-09-15 05:02,M. M. Keeravani,Arrest That B,339333
2023-09-15 05:03,M. M. Keeravani,Please Forgive Me,61897
2023-09-15 05:04,M. M. Keeravani,New Attire,33607
2023-09-15 05:06,M. M. Keeravani,"Reward Announced, Hunt Began",107083
2023-09-15 05:09,M. M. Keeravani,Jenny Is A Kind Soul,13616
2023-09-15 05:09,M. M. Keeravani,Affinity With Jenny,7444
2023-09-15 05:09,M. M. Keeravani,Lachu Escapes,8215
2023-09-15 05:09,M. M. Keeravani,Train Accident,183625
2023-09-15 05:10,M. M. Keeravani,Malli's Existance Is Evident,52208
2023-09-15 05:11,M. M. Keeravani,"An Invite, A Gift",62375
2023-09-15 05:12,M. M. Keeravani,Lachu Is Caught,39166
2023-09-15 05:13,M. M. Keeravani,Snake Bite,6030
2023-09-15 05:13,M. M. Keeravani,Scott's Palace,46057
2023-09-15 05:13,M. M. Keeravani,Seetha,34675
2023-09-15 05:14,M. M. Keeravani,Sos,7411
2023-09-15 05:17,M. M. Keeravani,True Idedntity Revealed,218451
2023-09-15 05:19,M. M. Keeravani,Making Harder Decisions,83349
2023-09-15 05:23,M. M. Keeravani,Bheem- The Tsunami,267291
2023-09-15 05:33,M. M. Keeravani,Unfortunate Fight,17785
2023-09-15 06:25,Anirudh Ravichander,"Hukum - Thalaivar Alappara (From ""Jailer"")",207647
2023-09-15 06:32,A.R. Rahman,Aga Naga (From “Ponniyin Selvan Part-2”),31652
2023-09-15 06:39,Mugen Rao,Pogiren,8612
2023-09-15 06:39,Govind Vasantha,Kaathalae Kaathalae - Version 1,193267
2023-09-15 06:40,Chandralekha Annupamaa,Rahathulla,917
2023-09-15 06:40,Karthik,Oru Maalai,688
2023-09-15 06:44,Chandralekha Annupamaa,Rahathulla,221135
2023-09-15 06:49,Karthik,Oru Maalai,236209
2023-09-15 06:53,Anirudh Ravichander,"Don'u Don'u Don'u (From ""Maari"") - The Don's Romance",195709
2023-09-15 06:54,Vivek - Mervin,Orasaadha - Madras Gig,14540
2023-09-15 06:58,Anirudh Ravichander,Vaathi Coming,228257
2023-09-15 07:02,Anirudh Ravichander,"Chellamma (From ""Doctor"")",236500
2023-09-15 07:06,Anirudh Ravichander,"Don'u Don'u Don'u (From ""Maari"") - The Don's Romance",23420
2023-09-15 07:06,Yuvan Shankar Raja,Iragai Poley,12787
2023-09-15 07:06,Chandralekha Annupamaa,Rahathulla,2611
2023-09-15 07:06,Darbuka Siva,"Mudhal Nee Mudivum Nee Title Track (From ""Mudhal Nee Mudivum Nee"")",140569
2023-09-15 07:18,Anirudh Ravichander,"Arabic Kuthu - Halamithi Habibo (From ""Beast"")",17160
2023-09-15 08:57,Anirudh Ravichander,"Arabic Kuthu - Halamithi Habibo (From ""Beast"")",262619
2023-09-15 09:04,Sachet Tandon,"Psycho Saiyaan (From ""Saaho"")",1780
2023-09-15 09:04,Pritam,"Tum Kya Mile (From ""Rocky Aur Rani Kii Prem Kahaani"")",265565
2023-09-15 09:06,Vishal-Shekhar,Jhoome Jo Pathaan,106135
2023-09-15 09:09,Varun Jain,"Tere Vaaste (From ""Zara Hatke Zara Bachke"")",189136
2023-09-15 09:14,Darshan Raval,Asal Mein,18
2023-09-15 09:14,Yo Yo Honey Singh,Dheere Dheere,0
2023-09-15 09:14,Sachet Tandon,"Psycho Saiyaan (From ""Saaho"")",517
2023-09-15 09:14,Badshah,"Sajna, Say Yes To The Dress",0
2023-09-15 09:14,Ritviz,Udd Gaye,0
2023-09-15 09:14,King,Tu Aake Dekhle,652
2023-09-15 09:14,Pritam,Tere Pyaar Mein,266094
2023-09-15 09:14,Yasser Desai,"Dil Ko Karaar Aaya (From ""Sukoon"")",563
2023-09-15 09:14,Anirudh Ravichander,Hukum - Thalaivar Alappara,1326
2023-09-15 09:18,Shafqat Amanat Ali,Dildaara (Stand By Me),249660
2023-09-15 09:18,Pritam,Tere Pyaar Mein,4435
2023-09-15 09:18,Sachet Tandon,Barbaadiyan,5991
2023-09-15 09:18,Darshan Raval,"Chogada (From ""Loveyatri"")",3553
2023-09-15 09:18,Sachet-Parampara,"Ram Siya Ram (From ""Adipurush"")",3546
2023-09-15 09:19,Badshah,Kar Gayi Chull,3966
2023-09-15 09:19,Gaurav Chatterji,"Kaise Ab Kahein - From ""Gutar Gu""",2640
2023-09-15 09:19,Sachet Tandon,Jug Jug Jeeve,9936
2023-09-15 09:19,Pritam,"Pyaar Hota Kayi Baar Hai (From ""Tu Jhoothi Main Makkaar"")",4769
2023-09-15 09:19,Sachin-Jigar,Paisa Hai Toh,7270
2023-09-15 09:24,Ash King,"Bandook Meri Laila (From ""A Gentleman"") (feat. Raftaar, Sidharth Malhotra)",2633
2023-09-15 09:24,Mohit Chauhan,Masakali,274266
2023-09-15 09:24,Darshan Raval,Ek Ladki Ko Dekha Toh Aisa Laga - Title Track,5415
2023-09-15 09:37,Sachet Tandon,"Mere Sohneya (From ""Kabir Singh"")",36178
2023-09-15 11:12,M. M. Keeravani,Seetha,63
2023-09-15 11:13,M. M. Keeravani,Making Harder Decisions,83349
2023-09-15 11:18,M. M. Keeravani,Bheem- The Tsunami,267291
2023-09-15 11:19,M. M. Keeravani,Unfortunate Fight,77777
2023-09-15 11:20,M. M. Keeravani,Fire And Water,38071
2023-09-15 11:21,M. M. Keeravani,"Load, Aim, Shoot ( The Practice )",76166
2023-09-15 11:22,M. M. Keeravani,Misunderstood,79847
2023-09-15 11:24,M. M. Keeravani,Never Giving Up,94853
2023-09-15 11:26,M. M. Keeravani,Smallpox,117098
2023-09-15 11:27,M. M. Keeravani,Prodigious Precisio,43074
2023-09-15 11:29,M. M. Keeravani,Guilt,116583
2023-09-15 11:31,M. M. Keeravani,Ram- The Volcano,142416
2023-09-15 11:32,M. M. Keeravani,Closer Than Ever,60500
2023-09-15 11:38,M. M. Keeravani,"Raamam, Bheemam",332750
2023-09-15 11:40,M. M. Keeravani,"Load, Aim, Shoot (Climax)",148750
2023-09-15 11:44,M. M. Keeravani,Together We Rock (Telugu),214083
2023-09-15 11:46,Anirudh Ravichander,Amar Theme - Background Score,148023
2023-09-15 11:48,Anirudh Ravichander,Sandhanam Theme - Background Score,106495
2023-09-15 11:49,Anirudh Ravichander,Amar & Gayathri - Background Score,82602
2023-09-15 11:51,Anirudh Ravichander,What's Cookin? - Background Score,79554
2023-09-15 11:52,Anirudh Ravichander,Moaning Theme - Background Score,84650
2023-09-15 11:54,Anirudh Ravichander,Marriage At 2AM - Background Score,87757
2023-09-15 11:55,Anirudh Ravichander,Wedding Party - Background Score,96255
2023-09-15 11:56,Anirudh Ravichander,Pablo Sandhanam - Background Score,45055
2023-09-15 11:59,Anirudh Ravichander,Agent Vikram - Background Score,189781
2023-09-15 12:00,Anirudh Ravichander,Ghost Unmasked - Background Score,74410
2023-09-15 12:02,Anirudh Ravichander,The Dilli Connect - Background Score,81237
2023-09-15 12:03,Anirudh Ravichander,The Vikram Squad - Background Score,94890
2023-09-15 12:05,Anirudh Ravichander,Shield Fight - Background Score,96938
2023-09-15 12:08,Anirudh Ravichander,Prabanjan Theme - Background Score,176701
2023-09-15 12:09,Anirudh Ravichander,The Name is Vikram - Background Score,49151
2023-09-15 12:09,Anirudh Ravichander,Agent Tina - Background Score,45055
2023-09-15 12:12,Anirudh Ravichander,Sound of Vikram - Background Score,184000
2023-09-15 12:15,Anirudh Ravichander,Porkanda Singam EDM Version (Additional Song),149433
2023-09-15 12:17,Anirudh Ravichander,Vikram Vs Sandhanam - Background Score,130571
2023-09-15 12:20,Anirudh Ravichander,Lokiverse - Background Score,156330
2023-09-15 12:21,Anirudh Ravichander,Rolex Theme - Background Score,53247
2023-09-15 12:33,Mallikarjun,Sahasam,120760
2023-09-15 12:46,Siddharth Basrur,Parwah Nahin,5212
2023-09-15 12:51,Pritam,"Tum Kya Mile (From ""Rocky Aur Rani Kii Prem Kahaani"")",277500
2023-09-15 12:52,Varun Jain,"Tere Vaaste (From ""Zara Hatke Zara Bachke"")",1147
2023-09-15 12:57,Pritam,Tere Pyaar Mein,266094
2023-09-15 13:00,Atif Aslam,Tu Jaane Na,1152
2023-09-15 13:00,Ritviz,Liggi,671
2023-09-15 13:00,Arijit Singh,Tera Fitoor,1654
2023-09-15 13:00,Vishal-Shekhar,Jhoome Jo Pathaan,2463
2023-09-15 13:00,Jubin Nautiyal,Shish Nawata Hoon,2554
2023-09-15 13:00,Anirudh Ravichander,Hukum - Thalaivar Alappara,207647
2023-09-15 13:01,Ayushmann Khurrana,"Mere Liye Tum Kaafi Ho (From ""Shubh Mangal Zyada Saavdhan"")",1537
2023-09-15 13:01,Ritviz,Udd Gaye,2541
2023-09-15 13:01,King,Maan Meri Jaan,1465
2023-09-15 13:01,Pritam,"Pyaar Hota Kayi Baar Hai (From ""Tu Jhoothi Main Makkaar"")",1673
2023-09-15 13:12,Sachet-Parampara,"Ram Siya Ram (From ""Adipurush"")",86480
2023-09-15 15:58,Anirudh Ravichander,"Hukum - Thalaivar Alappara (From ""Jailer"")",182480
2023-09-15 19:40,Pritam,"Tum Kya Mile (From ""Rocky Aur Rani Kii Prem Kahaani"")",277500
2023-09-15 19:43,Pritam,"What Jhumka ? (From ""Rocky Aur Rani Kii Prem Kahaani"")",213611
2023-09-15 19:48,G. V. Prakash,Pilla Puli,304000
2023-09-15 19:54,Harris Jayaraj,Amma Amma,365826
2023-09-15 19:59,Suchithra Karthik Kumar,Naa Hrudayam,273066
2023-09-15 20:03,Baba Sehgal,Oole Oolele,261306
2023-09-15 20:09,Nityasree,Kannulatho Choosevi,311823
2023-09-15 20:12,B Praak,Kya Loge Tum,233684
2023-09-15 20:15,Kaifi Khalil,Kahani Suno 2.0,173637
2023-09-15 20:20,Arijit Singh,Tujhe Kitna Chahne Lage,284779
2023-09-15 20:25,Pritam,"O Bedardeya (From ""Tu Jhoothi Main Makkaar"")",313051
2023-09-15 20:29,Javed-Mohsin,Zihaal e Miskin,243953
2023-09-15 20:33,Tanishk Bagchi,Raataan Lambiyan,230292
2023-09-15 20:37,Anuv Jain,Baarishein,207309
2023-09-15 20:41,Pritam,Tere Pyaar Mein,266094
2023-09-15 20:44,Stebin Ben,Tu Mile Dil Khile,197392
2023-09-15 20:48,Vishal Mishra,Manjha,191647
2023-09-15 20:53,Ankit Tiwari,"Galliyan Returns (From ""Ek Villain Returns"")",350011
2023-09-16 09:57,Pritam,"Channa Mereya (From ""Ae Dil Hai Mushkil"")",289333
2023-09-16 10:01,Tanishk Bagchi,"Le Aaunga (From ""Satyaprem Ki Katha"")",243008
2023-09-16 10:05,Jasleen Royal,Heeriye (feat. Arijit Singh),194857
2023-09-16 10:09,Pritam,"Ae Dil Hai Mushkil Title Track (From ""Ae Dil Hai Mushkil"")",269032
2023-09-16 10:13,Jasleen Royal,"Ranjha (From ""Shershaah"")",228855
2023-09-16 10:18,Ankit Tiwari,"Dil Cheez Tujhe Dedi (From ""Airlift"")",271330
2023-09-16 10:20,Ankit Tiwari,Sunn Raha Hai,164831
2023-09-16 10:30,Pritam,Kesariya,73280
2023-09-16 10:34,Pritam,"Tum Kya Mile (From ""Rocky Aur Rani Kii Prem Kahaani"")",277500
2023-09-16 10:39,Jasleen Royal,Heeriye (feat. Arijit Singh),6961
2023-09-16 10:39,Pritam,Tere Pyaar Mein,266094
2023-09-16 10:39,Vishal-Shekhar,Jhoome Jo Pathaan,6933
2023-09-16 10:43,Anirudh Ravichander,"Hukum - Thalaivar Alappara (From ""Jailer"")",207647
2023-09-16 10:46,Surya Yamini,Mamatala Talli,226649
2023-09-16 10:48,Geetha Madhuri,Jeva Nadhi,99381
2023-09-16 11:00,Ramya Behara,Dhivara,92199
2023-09-16 11:11,M. M. Keeravani,Sivuni Aana,4035
2023-09-16 11:11,Anirudh Ravichander,"Hukum - Thalaivar Alappara (From ""Jailer"")",207647
2023-09-16 11:15,Karthik,Pacha Bottasi,256801
2023-09-16 11:16,Mohana Bhogaraju,Manohari,4100
2023-09-16 11:18,Ramya Behara,Dheevara (English Version),1459
2023-09-16 11:18,M. M. Keeravani,Nippulaa Swasa Ga,168435
2023-09-16 11:31,Anirudh Ravichander,"Hukum - Thalaivar Alappara (From ""Jailer"")",147000
2023-09-16 14:33,Sunitha,Egiripothe Entha Baaaguntundi,0
2023-09-16 14:33,Sunitha,Egiripothe Entha Baaaguntundi,410
2023-09-16 14:33,Mallikarjun,Sahasam,303958
2023-09-16 14:33,Vishal Chandrashekhar,Oh Sita Hey Rama,18
2023-09-16 14:33,Vishal Chandrashekhar,Oh Sita Hey Rama,1105
2023-09-16 14:33,M.L.R. Karthikeyan,Srimanthuda,18
2023-09-16 14:33,Ramana Gogula,Travelling Soldier,477
2023-09-16 14:33,Ramana Gogula,Travelling Soldier,0
2023-09-16 14:33,Mallikarjun,Ningi Jaaripadda,5141
2023-09-16 14:33,Shaan,Cheliya Cheliya,752
2023-09-16 14:37,Ramana Gogula,Travelling Soldier,268251
2023-09-16 14:38,Sunitha,Egiripothe Entha Baaaguntundi,2708
2023-09-16 14:38,Raghu Kunche,Ravanamma,2429
2023-09-16 14:38,Dhinesh Kanagara Thinam,Gala Gala,1850
2023-09-16 14:38,"Mallikarjun, Sagar",Pari Poke Pitta,1436
2023-09-16 14:38,Gopika Poornima,Aggipulla Lanti,1181
2023-09-16 14:38,Shaan,Cheliya Cheliya,1657
2023-09-16 14:38,Mallikarjun,Nee Navvula,1171
2023-09-16 14:44,Nihal,Gala Gala Paruthunna,1670
2023-09-16 14:44,Vishwa,Adaraku,2059
2023-09-16 14:44,Rahul Nambiar,Sunona Sunaina,1323
2023-09-16 14:44,Venu,Gundello Emundho,4430
2023-09-16 14:44,Mallikarjun,Joole Joole,2869
2023-09-16 14:44,L. V. Revanth,Evadu Evadu,1762
2023-09-16 14:44,Neeraj Shridhar,Om Namasthey,1542
2023-09-16 14:44,S.P. Charan,Nenu Nenuga,1842
2023-09-16 14:44,Mallikarjun,Chitti Nadumune,354716
2023-09-16 14:44,Anuj Gurwara,Panchadaara,1789
2023-09-16 14:58,Mallikarjun,Nuvvu Naku Manasisthe,593081
2023-09-16 14:58,Narendra Doddapaneni,Prema Ane Picchi,2187
2023-09-16 14:58,Sri Krishna,Aadinchi Ashta Chamma,2090
2023-09-16 14:58,Mallikarjun,Paduchu Bangarama,1603
2023-09-16 14:58,Charulatha Mani,Sada Nannu,1708
2023-09-16 14:58,Anup Rubens,Nuvvante Naaku,1673
2023-09-16 14:58,Narendra Doddapaneni,Kirraaku,1106
2023-09-16 14:58,L. V. Revanth,Luckkanna Mate Nillu,7534
2023-09-16 14:58,Sagar,Neeti Mullai (Bit),1537
2023-09-16 14:58,Mallikarjun,Eppudo,1452
2023-09-16 14:58,Sumangaly,Thirumalavasa,2407
2023-09-16 14:58,Mani Sharma,Sada Siva,4067
2023-09-16 14:58,Anup Rubens,Vaalu Kalla Pilla,3171
2023-09-16 14:58,Kunal Ganjawala,Jagadame,1517
2023-09-16 14:58,"Udit Narayan, Chitra",Radhe Govinda,3589
2023-09-16 15:04,Anup Rubens,Nuvvante Naaku,1862
2023-09-16 15:04,M.L.R. Karthikeyan,Srimanthuda,1200
2023-09-16 15:04,Chinna Ponnu,Mirchi,1068
2023-09-16 15:04,Shaan,Cheliya Cheliya,1774
2023-09-16 15:04,S. P. Balasubrahmanyam,Maayera,339170
2023-09-16 15:09,S. P. Balasubrahmanyam,Jilibili Palukula,273110
2023-09-16 15:14,Armaan Malik,Vinnane Vinnane,10212
2023-09-16 15:14,Rahul Nambiar,Chupinchandey,4174
2023-09-16 15:14,"Mallikarjun, Sagar",Pari Poke Pitta,1373
2023-09-16 15:14,M. M. Keeravani,Young Yama,293668
2023-09-16 15:17,Siddharth Basrur,Parwah Nahin,164416
2023-09-16 15:21,Armaan Malik,Besabriyaan,255738
2023-09-16 15:23,Ayushmann Khurrana,"Mere Liye Tum Kaafi Ho (From ""Shubh Mangal Zyada Saavdhan"")",132158
2023-09-16 15:24,Darshan Raval,Asal Mein,27952
2023-09-16 15:29,Vijai Bulganin,"O Rendu Prema Meghaalila (First Love Song) [From ""Baby""]",314342
2023-09-16 15:32,Anirudh Ravichander,Hukum - Thalaivar Alappara,207647
2023-09-16 15:33,"Raghu Dixit, Sooraj Santhosh, Rita",Chal Chalo Chalo,18
2023-09-16 15:33,Chaitra,Selavanuko,0
2023-09-16 15:33,M. M. Keeravani,Sivuni Aana,18
2023-09-16 15:33,Anirudh Ravichander,Jujubee,18
2023-09-16 15:33,Sri Krishna,Sulthana,18
2023-09-16 15:33,Vijai Bulganin,Thattukolede,18
2023-09-16 15:33,Hesham Abdul Wahab,Na Roja Nuvve,680
2023-09-16 15:33,Rajesh Krishnan,Yeto Vellipoyindi,18
2023-09-16 15:33,Vishal Chandrashekhar,Inthandham,5090
2023-09-16 15:35,Raghu Kunche,"Kalalu Kallalayyaka - From ""Batch""",18
2023-09-16 15:35,Anirudh Ravichander,Jujubee,167272
2023-09-16 15:35,Vishal Chandrashekhar,Oh Sita Hey Rama,885
2023-09-16 15:35,Rajesh Krishnan,Yeto Vellipoyindi,0
2023-09-16 15:35,Mohana Bhogaraju,Bullettu Bandi,0
2023-09-16 15:35,Ananya Bhat,Dheera Dheera,18
2023-09-16 15:36,Bheems Ceciroleo,Jinthaak Chithaka,0
2023-09-16 15:36,Ananya Bhat,Mehabooba,473
2023-09-16 15:36,Dhinesh Kanagara Thinam,Gala Gala,18
2023-09-16 15:36,Vijai Bulganin,Velugu Cheekati,0
2023-09-16 15:36,Bheems Ceciroleo,Pulsar Bike,18
2023-09-16 15:36,Nakash Aziz,Eyy Bidda Idhi Naa Adda,18
2023-09-16 15:36,Geetha Madhuri,Deo Deo,0
2023-09-16 15:36,Ram Miriyala,"Chitti (From ""Jathi Ratnalu"")",0
2023-09-16 15:41,Shankar-Ehsaan-Loy,Kal Ho Naa Ho,321240
2023-09-16 15:42,Ayushmann Khurrana,"Mere Liye Tum Kaafi Ho (From ""Shubh Mangal Zyada Saavdhan"")",11380
2023-09-16 15:45,Lata Mangeshkar,Tu Mere Samne,175205
2023-09-16 15:48,Shankar-Ehsaan-Loy,Noor E Khuda,180156
2023-09-16 15:49,Alka Yagnik,"Aisi Deewangi (From ""Deewana"")",59235
2023-09-16 15:53,KK,Ajab Si,241668
2023-09-16 15:56,Ayushmann Khurrana,"Mere Liye Tum Kaafi Ho (From ""Shubh Mangal Zyada Saavdhan"")",4684
2023-09-16 15:56,Anirudh Ravichander,Hukum - Thalaivar Alappara,207647
2023-09-16 16:02,Ajay-Atul,Baharla Ha Madhumas,2233
2023-09-16 16:02,Ajay-Atul,Chikni Chameli,301586
2023-09-16 16:08,Ajay-Atul,Deva Shree Ganesha,353520
2023-09-16 16:10,"Raghu Dixit, Sooraj Santhosh, Rita",Chal Chalo Chalo,0
2023-09-16 16:10,Hesham Abdul Wahab,Na Roja Nuvve,1276
2023-09-16 16:10,Rajesh Krishnan,Yeto Vellipoyindi,578
2023-09-16 16:10,Vishal Chandrashekhar,Inthandham,18
2023-09-16 16:10,Ajay-Atul,Priya Mithunam (Telugu),135280
2023-09-16 16:14,Sid Sriram,Prema O Premaa,903
2023-09-16 16:14,G. V. Prakash,Pilla Puli,209006
2023-09-16 16:20,Harris Jayaraj,Mutyala Dhaarani,371800
2023-09-16 16:33,Harris Jayaraj,Yellae Lama,187880
2023-09-16 17:16,Shaan,Stole My Heart,35136
2023-09-16 17:16,Suchithra Karthik Kumar,Naa Hrudayam,273066
2023-09-16 17:18,Vijai Bulganin,"O Rendu Prema Meghaalila (First Love Song) [From ""Baby""]",107041
2023-09-16 17:21,Pritam,"Tum Kya Mile (From ""Rocky Aur Rani Kii Prem Kahaani"")",198477
2023-09-16 17:26,Pritam,Tere Pyaar Mein,266094
2023-09-16 17:30,Vishal-Shekhar,Jhoome Jo Pathaan,208164
2023-09-16 17:34,Jasleen Royal,Heeriye (feat. Arijit Singh),29804
2023-09-16 17:37,Anirudh Ravichander,"Hukum - Thalaivar Alappara (From ""Jailer"")",207647
2023-09-16 17:41,Anirudh Ravichander,Kaavaali,2200
2023-09-16 17:41,Anirudh Ravichander,"Hukum - Thalaivar Alappara (From ""Jailer"")",192668
2023-09-16 17:43,Anirudh Ravichander,"Tiger Transformation (From ""Jailer"")",124336
2023-09-16 17:47,Anirudh Ravichander,"Bloody Sweet (From ""Leo"")",168540
2023-09-16 17:51,Anirudh Ravichander,"Naa Ready (From ""Leo"")",248181
2023-09-16 17:53,Hiphop Tamizha,Sakkarakatti,129515
2023-09-16 17:55,Anirudh Ravichander,Muthuvel Pandian Theme - Instrumental,102857
2023-09-16 17:59,Anirudh Ravichander,Jailer Drill Theme - Instrumental,357
2023-09-16 17:59,Anirudh Ravichander,Hukum - Thalaivar Alappara,207647
2023-09-16 18:02,Anirudh Ravichander,Hukum - Thalaivar Alappara,207647
2023-09-16 18:03,Anirudh Ravichander,Jailer Drill Theme - Instrumental,43333
2023-09-16 18:06,Anirudh Ravichander,Jujubee,167272
2023-09-16 18:07,Anirudh Ravichander,Alappara Theme - Instrumental,77647
2023-09-16 18:07,Anirudh Ravichander,Kaavaalaa,7174
2023-09-16 18:11,Anirudh Ravichander,Jailer Drill Theme - Instrumental,43333
2023-09-16 18:11,Anirudh Ravichander,Hukum - Thalaivar Alappara,207647
2023-09-16 18:14,Anirudh Ravichander,Jujubee,167272
2023-09-16 18:15,Anirudh Ravichander,Alappara Theme - Instrumental,77647
2023-09-16 18:19,Anirudh Ravichander,Kaavaalaa,190909
2023-09-16 18:20,Anirudh Ravichander,Jailer Theme - Instrumental,62337
2023-09-16 18:21,Vishal Mishra,Rathamaarey,111291
2023-09-16 18:25,Anirudh Ravichander,"Hukum - Thalaivar Alappara (From ""Jailer"")",207647
2023-09-16 18:27,Anirudh Ravichander,"Hukum - Thalaivar Alappara (From ""Jailer"")",111932
2023-09-16 18:42,Lata Mangeshkar,Jiya Jale,303160
2023-09-17 03:57,Karthik,Devatha,1881
2023-09-17 04:02,Harris Jayaraj,Monna Kanipinchavu,332013
2023-09-17 04:08,Anirudh Ravichander,Manasa Manasa,5964
2023-09-17 04:08,Shankar Mahadevan,Naluguriki,332054
2023-09-17 04:08,"Daler Mehandi, Geetha Madhuri",Jorse Jorse,4599
2023-09-17 04:09,Anirudh Ravichander,Manasa Manasa,61292
2023-09-17 04:14,"Daler Mehandi, Geetha Madhuri",Jorse Jorse,279893
2023-09-17 04:19,Rahul Sipligunj,Ranga Ranga Rangasthalaana,305967
2023-09-17 04:21,Vishal Chandrashekhar,Yevarini Adaganu,148349
2023-09-17 04:21,Vijay Deverakonda,What The Life,5298
2023-09-17 04:27,Shankar Mahadevan,Aata,327149
2023-09-17 04:32,Murali,Bunny Bunny,287059
2023-09-17 04:37,Ramya Behara,Neetho Unte Chalu,7270
2023-09-17 04:37,Hemachandra Vedala,"Bommali (From ""Billa"")",315163
2023-09-17 04:37,Rahul Sipligunj,"Naatu Naatu (From ""Rrr"")",9912
2023-09-17 04:37,Sagar,Neeti Mullai (Bit),1763
2023-09-17 04:42,Vijai Bulganin,"O Rendu Prema Meghaalila (First Love Song) [From ""Baby""]",314342
2023-09-17 04:46,Anirudh Ravichander,Hukum - Thalaivar Alappara,204680
2023-09-17 04:51,Anirudh Ravichander,"Tiger Transformation (From ""Jailer"")",260560
2023-09-17 04:57,Ajay-Atul,Deva Shree Ganesha,356826
2023-09-17 05:00,Ajay Gogavale,Mauli Mauli,11833
2023-09-17 05:00,Anirudh Ravichander,Hukum - Thalaivar Alappara,207647
2023-09-17 05:03,Ajay-Atul,Priya Mithunam (Telugu),152392
2023-09-17 05:08,Shankar-Ehsaan-Loy,Kal Ho Naa Ho,310145
2023-09-17 05:13,Pritam,"Tum Kya Mile (From ""Rocky Aur Rani Kii Prem Kahaani"")",277500
2023-09-17 05:16,Anirudh Ravichander,JD Intro - Background Score,80000
2023-09-17 05:20,Anirudh Ravichander,Thangamey,262539
2023-09-17 05:22,Thaman S,"Hungry Cheetah (From ""They Call Him OG"")",119052
2023-09-17 05:24,Vishal Chandrashekhar,"Shoot the Kuruvi - From ""Jil Jung Juk""",38599
2023-09-17 05:24,Rajesh Murugesan,Kaatru Veesum,3056
2023-09-17 05:24,Govind Vasantha,"96 (Theme) - From ""96""",75008
2023-09-17 05:27,Anirudh Ravichander,Jujubee,167272
2023-09-17 05:27,Thaman S,Mangalyam,4579
2023-09-17 05:27,Dhibu Ninan Thomas,"Adiye - From ""Bachelor""",14010
2023-09-17 05:32,Anirudh Ravichander,"Arabic Kuthu - Halamithi Habibo (From ""Beast"")",279677
2023-09-17 05:36,Asal Kolaar,Jorthaale,4598
2023-09-17 05:36,Vishal Chandrashekhar,"Bodhai Kaname - From ""Oh Manapenne""",6321
2023-09-17 05:36,Mallikarjun,Sahasam,5210
2023-09-17 05:36,Anirudh Ravichander,"Naa Ready (From ""Leo"")",248181
2023-09-17 05:42,"Shaan, Premji(RapVocals)",You Rock My World,304226
2023-09-17 05:47,"Sagar, Sumangali (Humming)",Nuvvunte,311960
2023-09-17 05:52,Ravi Varma,O My Brotheru,304626
2023-09-17 05:57,Tippu,Thakadimithom,334360
2023-09-17 06:02,KK,Feel My Love,299893
2023-09-17 06:08,"Malathi, Ranjith",Aa Ante,305560
2023-09-17 06:14,Anurag Kulkarni,Asha Pasham,260000
2023-09-17 06:18,Hesham Abdul Wahab,Na Roja Nuvve,242526
2023-09-17 06:18,Vishal Chandrashekhar,Inthandham,4807
2023-09-17 06:23,"Raghu Dixit, Sooraj Santhosh, Rita",Chal Chalo Chalo,308601
2023-09-17 06:27,Sunitha,Egiripothe Entha Baaaguntundi,3715
2023-09-17 06:27,Sri Krishna,Sulthana,224994
2023-09-17 06:27,Vivek - Mervin,"Andhame Athivai Vasthe - From ""Sulthan""",7817
2023-09-17 07:00,Rajesh Krishnan,Yeto Vellipoyindi,19040
2023-09-17 07:14,Pritam,"Tum Kya Mile (From ""Rocky Aur Rani Kii Prem Kahaani"")",277500
2023-09-17 07:19,Anurag Kulkarni,Asha Pasham,260000
2023-09-17 07:24,Vishal Chandrashekhar,Inthandham,218808
2023-09-17 07:28,Hesham Abdul Wahab,Na Roja Nuvve,242526
2023-09-17 07:34,"Raghu Dixit, Sooraj Santhosh, Rita",Chal Chalo Chalo,308601
2023-09-17 07:34,Sri Krishna,Sulthana,6900
2023-09-17 07:34,Vivek - Mervin,"Andhame Athivai Vasthe - From ""Sulthan""",5535
2023-09-17 07:35,Anirudh Ravichander,"Hukum - Thalaivar Alappara (From ""Jailer"")",578
2023-09-17 07:38,Anirudh Ravichander,Kaavaalaa,190909
2023-09-17 07:39,Anirudh Ravichander,Jailer Theme - Instrumental,62337
2023-09-17 07:43,Vishal Mishra,Rathamaarey,252151
2023-09-17 07:45,Anirudh Ravichander,Muthuvel Pandian Theme - Instrumental,102857
2023-09-17 07:48,Anirudh Ravichander,Hukum - Thalaivar Alappara,207647
2023-09-17 07:49,Anirudh Ravichander,Jailer Drill Theme - Instrumental,43333
2023-09-17 07:52,Anirudh Ravichander,Jujubee,167272
2023-09-17 07:53,Anirudh Ravichander,Alappara Theme - Instrumental,77647
2023-09-17 07:57,Anirudh Ravichander,"Naa Ready (From ""Leo"")",248181
2023-09-17 07:59,Thaman S,BRO Slokam,88695
2023-09-17 08:01,Hiphop Tamizha,Sakkarakatti,156970
2023-09-17 08:05,Rahul Sipligunj,"Naatu Naatu (From ""Rrr"")",214399
2023-09-17 08:10,Hemachandra Vedala,"Dosti (From ""RRR"")",340431
2023-09-17 08:14,M. M. Keeravani,"Janani (From ""Rrr"")",188267
2023-09-17 08:15,Blaaze,Roar Of RRR,111198
2023-09-17 08:20,Kala Bhairava,"Komuram Bheemudo (From ""RRR"")",254218
2023-09-17 08:24,Vijay Prakash,"Raamam Raaghavam (From ""Rrr"")",231093
2023-09-17 08:28,Vishal Mishra,"Etthara Jenda (From ""RRR"")",262218
2023-09-17 08:33,Vishal Mishra,Etthara Jenda,4306
2023-09-17 08:33,Prakruthi Reddy,Komma Uyyala,284405
2023-09-17 08:35,M. M. Keeravani,Tiger Chase,133261
2023-09-17 08:36,M. M. Keeravani,Spirit Of Rrr,38333
2023-09-17 08:37,M. M. Keeravani,The Fire,35976
2023-09-17 08:37,M. M. Keeravani,The Story,63458
2023-09-17 08:43,M. M. Keeravani,Arrest That B,339333
2023-09-17 08:44,M. M. Keeravani,The Water,51875
2023-09-17 08:45,M. M. Keeravani,Please Forgive Me,61897
2023-09-17 08:45,M. M. Keeravani,"Reward Announced, Hunt Began",8980
2023-09-17 08:45,M. M. Keeravani,New Attire,6207
2023-09-17 08:47,M. M. Keeravani,Train Accident,122875
2023-09-17 08:49,Jakes Bejoy,"King of Kotha (Teaser Theme) [From ""King of Kotha""]",97731
2023-09-17 11:09,Ramayanam,8 Ayodhyakaanda part 01,5679840
2023-09-17 11:13,Anirudh Ravichander,Hukum - Thalaivar Alappara,203360
2023-09-17 11:15,Vijai Bulganin,"O Rendu Prema Meghaalila (First Love Song) [From ""Baby""]",138477
2023-09-17 11:18,Pritam,"Tum Kya Mile (From ""Rocky Aur Rani Kii Prem Kahaani"")",158487
2023-09-17 11:21,Mallikarjun,Sahasam,185857
2023-09-17 11:23,Michael Jackson,Thriller,0
2023-09-17 11:23,Pritam,Tere Pyaar Mein,36840
2023-09-17 11:25,John Mayer,New Light,122058
2023-09-17 11:26,OneRepublic,I Ain’t Worried - Acoustic,84964
2023-09-17 11:26,The 1975,I'm In Love With You,7645
2023-09-17 11:26,Spice Girls,Wannabe,3929
2023-09-17 11:26,DJ Snake,Let Me Love You,1623
2023-09-17 11:27,Lil Nas X,INDUSTRY BABY (feat. Jack Harlow),1254
2023-09-17 11:27,Michael Jackson,Heaven Can Wait,63074
2023-09-17 11:28,Michael Jackson,Thriller,2020
2023-09-17 11:28,Shakira,"Whenever, Wherever",1918
2023-09-17 11:29,Charlie Puth,Attention,1315
2023-09-17 11:29,Michael Jackson,Thriller,1214
2023-09-17 11:29,Michael Jackson,Love Never Felt So Good,1713
2023-09-17 11:29,Shakira,"Whenever, Wherever",75584
2023-09-17 11:29,SHAUN,Way Back Home,2015
2023-09-17 11:29,Michael Jackson,Don't Stop 'Til You Get Enough,1714
2023-09-17 11:29,The Kid LAROI,STAY (with Justin Bieber),1721
2023-09-17 11:29,Johnny Orlando,What If (I Told You I Like You),1035
2023-09-17 11:29,Justin Bieber,Yummy,1257
2023-09-17 11:31,Sofía Reyes,"1, 2, 3 (feat. Jason Derulo & De La Ghetto)",2193
2023-09-17 11:31,Galantis,Runaway (U & I),2178
2023-09-17 11:31,Rosa Linn,SNAP,915
2023-09-17 11:31,Michael Jackson,Off the Wall,2203
2023-09-17 11:31,Michael Jackson,Bad - 2012 Remaster,94840
2023-09-17 11:32,Nusrat Fateh Ali Khan,"My Heart, My Life",14538
2023-09-17 11:34,Hans Zimmer,Mountains,167708
2023-09-17 11:36,Klaus Badelt,"He's a Pirate (from ""Pirates of the Caribbean: Curse of the Black Pearl"") - From ""Pirates of the Caribbean: The Curse Of the Black Pearl""/Score",88013
2023-09-17 11:37,Brian Tyler,Iron Man 3,31464
2023-09-17 11:39,Geek Music,Mission Impossible Fallout - Main Theme,118047
2023-09-17 11:41,Ludwig Göransson,Can You Hear The Music,110160
2023-09-17 11:46,Hans Zimmer,Time,275556
2023-09-17 11:48,Hans Zimmer,Cornfield Chase,126959
2023-09-17 11:51,Anirudh Ravichander,Amar Theme - Background Score,148023
2023-09-17 11:52,Anirudh Ravichander,Amar & Gayathri - Background Score,4173
2023-09-17 11:52,Anirudh Ravichander,Sandhanam Theme - Background Score,48573
2023-09-17 11:53,Anirudh Ravichander,What's Cookin? - Background Score,79554
2023-09-17 11:54,Anirudh Ravichander,Moaning Theme - Background Score,84650
2023-09-17 11:56,Anirudh Ravichander,Marriage At 2AM - Background Score,87757
2023-09-17 12:03,Anirudh Ravichander,Wedding Party - Background Score,96255
2023-09-17 12:04,Anirudh Ravichander,Pablo Sandhanam - Background Score,45055
2023-09-17 12:07,Anirudh Ravichander,Agent Vikram - Background Score,185533
2023-09-17 12:08,Anirudh Ravichander,Ghost Unmasked - Background Score,59778
2023-09-17 12:16,KK,Ye Mera Jaha,221704
2023-09-17 12:17,Ranjith Govind,Chalore Chalore (Telugu),51190
2023-09-17 12:19,"Suchith Suresan, Priya Hemesh",Julai,151422
2023-09-17 12:20,Anirudh Ravichander,The Dilli Connect - Background Score,4620
2023-09-17 12:21,Mika Singh,Yahoon Yahoon,107089
2023-09-17 12:23,Udit Narayan,Ammaye,123259
2023-09-17 12:28,Ramana Gogula,Vayari Bhama,289010
2023-09-17 13:01,Sid Sriram,Yedurangula Vaana,7400
2023-09-17 15:04,Sid Sriram,Yedurangula Vaana,245776
2023-09-17 15:05,Anirudh Ravichander,The Vikram Squad - Background Score,94890
2023-09-17 15:08,Anirudh Ravichander,Shield Fight - Background Score,96938
2023-09-17 15:10,Anirudh Ravichander,Prabanjan Theme - Background Score,117242
2023-09-17 15:10,Anirudh Ravichander,Sound of Vikram - Background Score,2052
2023-09-17 15:10,Anirudh Ravichander,The Name is Vikram - Background Score,3381
2023-09-17 15:10,Anirudh Ravichander,Agent Tina - Background Score,1783
2023-09-17 15:13,Anirudh Ravichander,Porkanda Singam EDM Version (Additional Song),149433
2023-09-17 15:15,Anirudh Ravichander,Vikram Vs Sandhanam - Background Score,130571
2023-09-17 15:18,Anirudh Ravichander,Lokiverse - Background Score,156330
2023-09-17 15:19,Anirudh Ravichander,Rolex Theme - Background Score,27347
2023-09-17 15:23,Nutana Mohan,Changu Bhala,251370
2023-09-17 15:28,Ranjith Govind,Chal Chal,275226
2023-09-17 15:33,Tippu,Maro Maro,307591
2023-09-17 15:38,Deepu,Naa Chore,293433
2023-09-17 15:42,Ranjith Govind,Nuvvu Muttukunte,232385
2023-09-17 15:47,Jassie Gift,Kondakaki,336602
2023-09-17 15:53,KK,Le Le Lele,353149
2023-09-17 15:59,Kunal Ganjawala,Naaku Neeku,325212
2023-09-17 16:05,Nakul,Love Elephantla,345725
2023-09-17 16:08,A.R. Rahman,Ee Hridayam,1155
2023-09-17 16:08,Hemachandra Vedala,"Bommali (From ""Billa"")",28566
2023-09-17 16:08,K. S. Chithra,Evaro Ravali,172320
2023-09-17 16:08,Shankar Mahadevan,Aagadu,1213
2023-09-17 16:12,A.R. Rahman,Ee Hridayam,4889
2023-09-17 16:12,Anirudh Ravichander,Baitikochi Chuste,2596
2023-09-17 16:12,Shankar Mahadevan,Aagadu,249861
2023-09-17 16:13,Jaspreet Jasz,Tring Tring,2708
2023-09-17 16:13,Siddharth,Oy..Oy..,2664
2023-09-17 16:13,Nutana Mohan,Changu Bhala,6640
2023-09-17 16:13,S. P. Balasubrahmanyam,Nuvvu Naatho Emannavo,2825
2023-09-17 16:13,Yuvan Shankar Raja,Arere Vaanaa,2805
2023-09-17 16:13,"Sagar, Suchitra",Jatha Kalise,4185
2023-09-17 16:13,Kapil,Champesaave Nannu,5484
2023-09-17 16:13,Javed Ali,Gulabi Kallu Rendu Mullu,4206
2023-09-17 16:16,"Jessi Gift, Suchitra",Osa Osa,185711
2023-09-17 16:26,KK,Manasanta Mukkalu Chesi,248480
2023-09-17 16:29,Sid Sriram,Samajavaragamana,219818
2023-09-17 16:35,Sai Charan,"Hanuman Chalisa (From ""HanuMan"") [Telugu]",248333
2023-09-17 16:45,Sai Charan,"Hanuman Chalisa (From ""HanuMan"") [Telugu]",5366
2023-09-17 18:01,Sid Sriram,Vachindamma,250402
2023-09-17 18:05,Vishal Chandrashekhar,Inthandham,218808
2023-09-17 18:09,"Raghu Dixit, Sooraj Santhosh, Rita",Chal Chalo Chalo,9307
2023-09-17 18:09,M. M. Keeravani,Sivuni Aana,2617
2023-09-17 18:09,Arun Chiluveru,Okey Oka Lokam,2438
2023-09-17 18:09,Anirudh Ravichander,Jujubee,2132
2023-09-17 18:09,Dhinesh Kanagara Thinam,Gala Gala,3290
2023-09-17 18:09,Bheems Ceciroleo,Pulsar Bike,3345
2023-09-17 18:09,Nakash Aziz,Eyy Bidda Idhi Naa Adda,2182
2023-09-17 18:09,Sid Sriram,"Nee Parichayamutho - From ""Choosi Choodangaane""",2804
2023-09-17 18:09,Vishal Chandrashekhar,Oh Sita Hey Rama,4277
2023-09-17 18:09,Hesham Abdul Wahab,Na Roja Nuvve,242526
2023-09-17 18:09,Rajesh Krishnan,Yeto Vellipoyindi,2897
2023-09-17 18:09,"Suchitra, Thaman.S",Sir Osthara,2428
2023-09-17 18:09,Chinna Ponnu,Mirchi,1996
2023-09-17 18:09,Sid Sriram,Leharaayi,1872
2023-09-17 18:09,Sid Sriram,"Parayuvaan - From ""Ishq""",3206
2023-09-17 18:10,Ananya Bhat,Mehabooba,3638
2023-09-17 18:10,Ananya Bhat,Mehabooba,1531
2023-09-17 18:10,Venu,Gundello Emundho,1423
2023-09-17 18:13,"Suchitra, Thaman.S",Sir Osthara,231416
2023-09-17 18:14,Ananya Bhat,Mehabooba,21587
2023-09-17 18:14,Venu,Gundello Emundho,4587
2023-09-17 18:19,Sid Sriram,Maate Vinadhuga,296220
2023-09-17 18:24,Shankar Mahadevan,Bapu Gari Bommo,280000
2023-09-17 18:24,Bheems Ceciroleo,Jinthaak Chithaka,9420
2023-09-17 18:24,Sooraj Santhosh,One & Two & Three,2342
2023-09-17 18:24,Naresh Iyer,Inthalo Ennenni Vinthalo Male,4450
2023-09-17 18:24,Geetha Madhuri,Deo Deo,5648
2023-09-17 18:24,Pradeep Kumar,Life Of Ram,1895
2023-09-17 18:24,Ram Miriyala,"Chitti (From ""Jathi Ratnalu"")",2493
2023-09-17 18:24,Sid Sriram,Yaen Ennai Pirindhaai - Male,2133
2023-09-17 18:24,Sid Sriram,Kalaavathi,2653
2023-09-17 18:24,S.P. Charan,Nenu Nenuga,3083
2023-09-17 18:24,Darbuka Siva,"Mudhal Nee Mudivum Nee Title Track (From ""Mudhal Nee Mudivum Nee"")",6028
2023-09-17 18:24,Hiphop Tamizha,Single Kingulam,1935
2023-09-17 18:24,Anuj Gurwara,Panchadaara,3150
2023-09-17 18:25,Nihal,Gala Gala Paruthunna,2444
2023-09-17 18:25,Anup Rubens,So So Ga,1913
2023-09-17 18:25,Devi Sri Prasad,Srivalli,1720
2023-09-17 18:25,Sid Sriram,"Emai Poyave (From ""Padi Padi Leche Manasu"")",2205
2023-09-17 18:25,Sid Sriram,"Arerey Manasa (From ""Falaknuma Das"")",2220
2023-09-17 18:25,L. V. Revanth,Evadu Evadu,1250
2023-09-17 18:25,L. V. Revanth,Luckkanna Mate Nillu,2300
2023-09-17 18:25,Yuvan Shankar Raja,Panjaa,2506
2023-09-17 18:25,"Suchith Suresan, Priya Hemesh",Julai,2165
2023-09-17 18:25,Mounika Yadav,Saami Saami,2597
2023-09-17 18:29,Nihal,Gala Gala Paruthunna,273769
2023-09-17 18:46,L. V. Revanth,Evadu Evadu,2530
2023-09-18 01:49,Sid Sriram,Uyire,450
2023-09-18 01:49,D. Imman,En Iniya Thanimaye,281
2023-09-18 01:49,Darbuka Siva,Visiri,340
2023-09-18 01:49,Dharan Kumar,"Kaalai Maalai - From ""Paper Rocket""",2910
2023-09-18 01:49,Sid Sriram,Po Urave,532
2023-09-18 01:49,Darbuka Siva,Maruvaarthai,0
2023-09-18 01:49,Charulatha Mani,Sada Nannu,788
2023-09-18 01:49,Tippu,Gaallo Thelinattunde,18
2023-09-18 01:49,Sudharshan Ashok,"Prema Vennela (From ""Chitralahari"")",18
2023-09-18 01:49,Prudhvi Chandra,Crazy Feeling,1064
2023-09-18 01:49,Sagar,Neeti Mullai (Bit),1989
2023-09-18 01:49,Himesh Reshammiya,Rayini Maatram,1030
2023-09-18 01:49,Devi Sri Prasad,Andhamyna Bhamalu,7166
2023-09-18 01:49,Neha Bhasin,Aww Tuzo Mogh Korta,797
2023-09-18 01:49,Sid Sriram,Ye Kannulu Chudani Chitrame,1565
2023-09-18 01:49,Sid Sriram,High on Love,18
2023-09-18 01:49,Neha Bhasin,Swing Zara,681
2023-09-18 01:49,Yazin Nizar,Seethakaalam,776
2023-09-18 01:55,Sudharshan Ashok,"Prema Vennela (From ""Chitralahari"")",8735
2023-09-18 01:55,Himesh Reshammiya,Rayini Maatram,328080
2023-09-18 01:55,Kala Bhairava,Tharagathi Gadhi - Telugu,3126
2023-09-18 01:55,"Shankar Mahadevan, Gopika poornima",Akasam Ammayaithe,3136
2023-09-18 02:00,KK,Feel My Love,299893
2023-09-18 02:01,Saketh Naidu,Nammavemo,7326
2023-09-18 02:05,Rahul Sipligunj,Ranga Ranga Rangasthalaana,233812
2023-09-18 02:10,KK,Le Le Lele,319604
2023-09-18 02:11,Shreya Ghoshal,Neekosam,1835
2023-09-18 02:11,Ranjith Govind,Chal Chal,42607
2023-09-18 02:11,"Revanth, Shreya Ghoshal",Chiranjeeva,1987
2023-09-18 02:11,M. M. Keeravani,Siggesthondi,292
2023-09-18 02:11,Shreya Ghoshal,Nuvvem Maya,5201
2023-09-18 02:31,Pritam,Tere Pyaar Mein,560
2023-09-18 04:11,Anirudh Ravichander,Kaavaalaa,190909
2023-09-18 04:12,Anirudh Ravichander,Jailer Theme - Instrumental,62337
2023-09-18 04:12,Vishal Mishra,Rathamaarey,6907
2023-09-18 04:14,Anirudh Ravichander,Muthuvel Pandian Theme - Instrumental,102857
2023-09-18 04:18,Anirudh Ravichander,Jailer Drill Theme - Instrumental,43333
2023-09-18 04:18,Anirudh Ravichander,Hukum - Thalaivar Alappara,207647
2023-09-18 04:21,Anirudh Ravichander,Jujubee,167272
2023-09-18 04:22,Anirudh Ravichander,Alappara Theme - Instrumental,3027
2023-09-18 04:27,Mallikarjun,Chitti Nadumune,354716
2023-09-18 04:41,Hariharan,Yamaha Nagari,220343
2023-09-18 04:59,Hariharan,Yamaha Nagari,159282
2023-09-18 05:03,Vijay Prakash,Chirunavve Visirave,244186
2023-09-18 05:09,Devan Ekambaram,Premante,372940
2023-09-18 05:14,S. P. Balasubrahmanyam,Nee Prashnalu,265168
2023-09-18 05:17,Kapil,Champesaave Nannu,200506
2023-09-18 05:23,A.R. Rahman,Ee Hridayam,2785
2023-09-18 05:23,Shreya Ghoshal,Preminche Premava,11394
2023-09-18 05:23,Harris Jayaraj,Yellae Lama,320333
2023-09-18 05:27,"Jessi Gift, Kalpana",Adirey Adirey,257162
2023-09-18 05:32,KK,Cheliya,288116
2023-09-18 05:39,Ramana Gogula,Made In Andhra,414979
2023-09-18 05:39,S. P. Balasubrahmanyam,Nilavade,6131
2023-09-18 05:44,"Chakri, Kousalya",Ninne Ninne,277539
2023-09-18 05:48,M. M. Keeravani,Konchem Konchem,244533
2023-09-18 05:51,M. M. Keeravani,Ne Ne Nani Ne,186742
2023-09-18 05:55,KK,Manasanta Mukkalu Chesi,253240
2023-09-18 05:59,"Sagar, Suchitra",Jatha Kalise,224194
2023-09-18 06:05,Hariharan,Nelluri Nerajana,357894
2023-09-18 06:11,S. P. Balasubrahmanyam,Prema Prema,337265
2023-09-18 06:15,"Karthik, Shwetha Mohan",Dil Se,261728
2023-09-18 06:19,Anurag Kulkarni,Arere Aakasham - Telugu,206250
2023-09-18 06:20,Shreya Ghoshal,Inthaku Nuvvevaru,83282
2023-09-18 06:30,Devi Sri Prasad,"Yentha Sakkagunnave (From ""Rangasthalam"")",245200
2023-09-18 06:34,Anirudh Ravichander,Jailer Drill Theme - Instrumental,43333
2023-09-18 06:34,Anirudh Ravichander,Hukum - Thalaivar Alappara,207647
2023-09-18 06:35,Anirudh Ravichander,Jujubee,2514
2023-09-18 06:35,Anirudh Ravichander,Jailer Drill Theme - Instrumental,2321
2023-09-18 06:38,Anirudh Ravichander,Hukum - Thalaivar Alappara,207647
2023-09-18 06:39,Anirudh Ravichander,Jailer Drill Theme - Instrumental,43333
2023-09-18 06:46,Anirudh Ravichander,Jujubee,167272
2023-09-18 06:47,Anirudh Ravichander,Alappara Theme - Instrumental,77647
2023-09-18 06:51,Anirudh Ravichander,"Naa Ready (From ""Leo"")",248181
2023-09-18 06:52,Asal Kolaar,Jorthaale,3082
2023-09-18 06:52,Ravi Basrur,Rocky Decides to Rule,6103
2023-09-18 06:52,Thaman S,BRO Slokam,5072
2023-09-18 06:54,Vishal Chandrashekhar,"Shoot the Kuruvi - From ""Jil Jung Juk""",7735
2023-09-18 06:54,Rajesh Murugesan,Pistah,146933
2023-09-18 07:12,Anirudh Ravichander,Thangamey,21698
2023-09-18 07:47,Anirudh Ravichander,Muthuvel Pandian Theme - Instrumental,102857
2023-09-18 07:50,Anirudh Ravichander,Hukum - Thalaivar Alappara,207647
2023-09-18 07:51,Anirudh Ravichander,Jailer Drill Theme - Instrumental,38242
2023-09-18 07:59,Ajay-Atul,Deva Shree Ganesha,356826
2023-09-18 08:00,Ajay-Atul,Vinchu Chawla,19310
2023-09-18 08:20,S. P. Balasubrahmanyam,Maayera,343817
2023-09-18 08:25,Anurag Kulkarni,Asha Pasham,15815
2023-09-18 08:25,Anurag Kulkarni,Asha Pasham,260000
2023-09-18 08:30,Pritam,Tere Pyaar Mein,266094
2023-09-18 08:42,Anirudh Ravichander,Hukum - Thalaivar Alappara,41045
2023-09-18 08:43,Pritam,"Tum Kya Mile (From ""Rocky Aur Rani Kii Prem Kahaani"")",4471
2023-09-18 09:06,Siddharth Basrur,Parwah Nahin,105320
2023-09-18 11:02,Vijai Bulganin,"O Rendu Prema Meghaalila (First Love Song) [From ""Baby""]",314342
2023-09-18 11:05,Anirudh Ravichander,Hukum - Thalaivar Alappara,207647
2023-09-18 11:10,Vishal Chandrashekhar,Inthandham,10278
2023-09-18 11:11,Hesham Abdul Wahab,Na Roja Nuvve,32557
2023-09-18 11:16,KK,Ye Mera Jaha,312781
2023-09-18 11:32,"Raghu Dixit, Sooraj Santhosh, Rita",Chal Chalo Chalo,17136
2023-09-18 19:22,Nakul,Love Elephantla,345725
2023-09-18 19:28,Shankar Mahadevan,O Sukumari,355487
2023-09-18 19:34,Kunal Ganjawala,Naaku Neeku,325212
2023-09-18 19:37,Sunitha Sarathy,Stranger In Black ( Theme ),164777
2023-09-18 19:43,K. J. Yesudas,Jiyyangari,374262
2023-09-18 19:48,Jassie Gift,Kondakaki,336602
2023-09-18 19:52,Vishal Chandrashekhar,Oh Sita Hey Rama,246412
2023-09-18 19:55,M.L.R. Karthikeyan,Srimanthuda,123744
2023-09-18 20:00,KK,Le Le Lele,353149
2023-09-18 20:02,Chinna Ponnu,Mirchi,83448
